name,format,standard,resolution (DPI),size
BHVP_703983_001,JPEG  ,JFIF standard 1.02,300  DPI,1622x2494
BHVP_703983_002,JPEG  ,JFIF standard 1.02,300  DPI,1558x2542
BHVP_703983_003,JPEG  ,JFIF standard 1.02,300  DPI,1631x2542
BHVP_703983_004,JPEG  ,JFIF standard 1.02,300  DPI,1432x2593
BHVP_703983_005,JPEG  ,JFIF standard 1.02,300  DPI,1608x2543
BHVP_703983_006,JPEG  ,JFIF standard 1.02,300  DPI,1587x2540
BHVP_703983_007,JPEG  ,JFIF standard 1.02,300  DPI,1597x2540
BHVP_703983_008,JPEG  ,JFIF standard 1.02,300  DPI,1533x2547
BHVP_703983_009,JPEG  ,JFIF standard 1.02,300  DPI,1568x2547
BHVP_703983_010,JPEG  ,JFIF standard 1.02,300  DPI,1407x2526
BHVP_703983_011,JPEG  ,JFIF standard 1.02,300  DPI,1558x2534
BHVP_703983_012,JPEG  ,JFIF standard 1.02,300  DPI,1505x2537
BHVP_703983_013,JPEG  ,JFIF standard 1.02,300  DPI,1572x2537
BHVP_703983_014,JPEG  ,JFIF standard 1.02,300  DPI,1513x2531
BHVP_703983_015,JPEG  ,JFIF standard 1.02,300  DPI,1583x2531
BHVP_703983_016,JPEG  ,JFIF standard 1.02,300  DPI,1519x2506
BHVP_703983_017,JPEG  ,JFIF standard 1.02,300  DPI,1556x2506
BHVP_703983_018,JPEG  ,JFIF standard 1.02,300  DPI,1494x2516
BHVP_703983_019,JPEG  ,JFIF standard 1.02,300  DPI,1566x2516
BHVP_703983_020,JPEG  ,JFIF standard 1.02,300  DPI,1507x2514
BHVP_703983_021,JPEG  ,JFIF standard 1.02,300  DPI,1566x2514
BHVP_703983_022,JPEG  ,JFIF standard 1.02,300  DPI,1507x2509
BHVP_703983_023,JPEG  ,JFIF standard 1.02,300  DPI,1571x2509
BHVP_703983_024,JPEG  ,JFIF standard 1.02,300  DPI,1522x2518
BHVP_703983_025,JPEG  ,JFIF standard 1.02,300  DPI,1578x2518
BHVP_703983_026,JPEG  ,JFIF standard 1.02,300  DPI,1508x2513
BHVP_703983_027,JPEG  ,JFIF standard 1.02,300  DPI,1578x2513
BHVP_703983_028,JPEG  ,JFIF standard 1.02,300  DPI,1493x2517
BHVP_703983_029,JPEG  ,JFIF standard 1.02,300  DPI,1566x2517
BHVP_703983_030,JPEG  ,JFIF standard 1.02,300  DPI,1499x2516
BHVP_703983_031,JPEG  ,JFIF standard 1.02,300  DPI,1571x2516
BHVP_703983_032,JPEG  ,JFIF standard 1.02,300  DPI,1497x2509
BHVP_703983_033,JPEG  ,JFIF standard 1.02,300  DPI,1580x2509
BHVP_703983_034,JPEG  ,JFIF standard 1.02,300  DPI,1505x2518
BHVP_703983_035,JPEG  ,JFIF standard 1.02,300  DPI,1611x2518
BHVP_703983_036,JPEG  ,JFIF standard 1.02,300  DPI,1507x2517
BHVP_703983_037,JPEG  ,JFIF standard 1.02,300  DPI,1614x2517
BHVP_703983_038,JPEG  ,JFIF standard 1.02,300  DPI,1503x2514
BHVP_703983_039,JPEG  ,JFIF standard 1.02,300  DPI,1588x2514
BHVP_703983_040,JPEG  ,JFIF standard 1.02,300  DPI,1531x2514
BHVP_703983_041,JPEG  ,JFIF standard 1.02,300  DPI,1594x2514
BHVP_703983_042,JPEG  ,JFIF standard 1.02,300  DPI,1574x2513
BHVP_703983_043,JPEG  ,JFIF standard 1.02,300  DPI,1593x2513
BHVP_703983_044,JPEG  ,JFIF standard 1.02,300  DPI,1514x2513
BHVP_703983_045,JPEG  ,JFIF standard 1.02,300  DPI,1592x2513
BHVP_703983_046,JPEG  ,JFIF standard 1.02,300  DPI,1514x2521
BHVP_703983_047,JPEG  ,JFIF standard 1.02,300  DPI,1586x2521
BHVP_703983_048,JPEG  ,JFIF standard 1.02,300  DPI,1508x2518
BHVP_703983_049,JPEG  ,JFIF standard 1.02,300  DPI,1594x2518
BHVP_703983_050,JPEG  ,JFIF standard 1.02,300  DPI,1518x2517
BHVP_703983_051,JPEG  ,JFIF standard 1.02,300  DPI,1599x2517
BHVP_703983_052,JPEG  ,JFIF standard 1.02,300  DPI,1544x2523
BHVP_703983_053,JPEG  ,JFIF standard 1.02,300  DPI,1590x2523
BHVP_703983_054,JPEG  ,JFIF standard 1.02,300  DPI,1537x2526
BHVP_703983_055,JPEG  ,JFIF standard 1.02,300  DPI,1588x2526
BHVP_703983_056,JPEG  ,JFIF standard 1.02,300  DPI,1537x2525
BHVP_703983_057,JPEG  ,JFIF standard 1.02,300  DPI,1591x2525
BHVP_703983_058,JPEG  ,JFIF standard 1.02,300  DPI,1569x2523
BHVP_703983_059,JPEG  ,JFIF standard 1.02,300  DPI,1584x2523
BHVP_703983_060,JPEG  ,JFIF standard 1.02,300  DPI,1562x2521
BHVP_703983_061,JPEG  ,JFIF standard 1.02,300  DPI,1577x2521
BHVP_703983_062,JPEG  ,JFIF standard 1.02,300  DPI,1530x2520
BHVP_703983_063,JPEG  ,JFIF standard 1.02,300  DPI,1579x2520
BHVP_703983_064,JPEG  ,JFIF standard 1.02,300  DPI,1547x2516
BHVP_703983_065,JPEG  ,JFIF standard 1.02,300  DPI,1577x2516
BHVP_703983_066,JPEG  ,JFIF standard 1.02,300  DPI,1512x2511
BHVP_703983_067,JPEG  ,JFIF standard 1.02,300  DPI,1576x2511
BHVP_703983_068,JPEG  ,JFIF standard 1.02,300  DPI,1503x2515
BHVP_703983_069,JPEG  ,JFIF standard 1.02,300  DPI,1576x2515
BHVP_703983_070,JPEG  ,JFIF standard 1.02,300  DPI,1546x2519
BHVP_703983_071,JPEG  ,JFIF standard 1.02,300  DPI,1555x2519
BHVP_703983_072,JPEG  ,JFIF standard 1.02,300  DPI,1518x2511
BHVP_703983_073,JPEG  ,JFIF standard 1.02,300  DPI,1570x2511
BHVP_703983_074,JPEG  ,JFIF standard 1.01,300  DPI,1424x2516
BHVP_703983_075,JPEG  ,JFIF standard 1.02,300  DPI,1558x2516
BHVP_703983_076,JPEG  ,JFIF standard 1.02,300  DPI,1374x2493
BHVP_703983_077,JPEG  ,JFIF standard 1.02,300  DPI,1558x2509
BHVP_703983_078,JPEG  ,JFIF standard 1.02,300  DPI,1521x2513
BHVP_703983_079,JPEG  ,JFIF standard 1.02,300  DPI,1558x2513
BHVP_703983_080,JPEG  ,JFIF standard 1.02,300  DPI,1568x2513
BHVP_703983_081,JPEG  ,JFIF standard 1.02,300  DPI,1547x2513
BHVP_703983_082,JPEG  ,JFIF standard 1.02,300  DPI,1348x2526
BHVP_703983_083,JPEG  ,JFIF standard 1.02,300  DPI,1549x2501
BHVP_703983_084,JPEG  ,JFIF standard 1.02,300  DPI,1515x2511
BHVP_703983_085,JPEG  ,JFIF standard 1.02,300  DPI,1549x2511
BHVP_703983_086,JPEG  ,JFIF standard 1.02,300  DPI,1572x2506
BHVP_703983_087,JPEG  ,JFIF standard 1.02,300  DPI,1543x2506
BHVP_703983_088,JPEG  ,JFIF standard 1.02,300  DPI,1482x2509
BHVP_703983_089,JPEG  ,JFIF standard 1.02,300  DPI,1622x2509
BHVP_703983_090,JPEG  ,JFIF standard 1.02,300  DPI,1525x2508
BHVP_703983_091,JPEG  ,JFIF standard 1.02,300  DPI,1571x2508
BHVP_703983_092,JPEG  ,JFIF standard 1.02,300  DPI,1543x2515
BHVP_703983_093,JPEG  ,JFIF standard 1.02,300  DPI,1552x2515
BHVP_703983_094,JPEG  ,JFIF standard 1.02,300  DPI,1531x2515
BHVP_703983_095,JPEG  ,JFIF standard 1.02,300  DPI,1561x2515
BHVP_703983_096,JPEG  ,JFIF standard 1.02,300  DPI,1540x2500
BHVP_703983_097,JPEG  ,JFIF standard 1.02,300  DPI,1561x2500
BHVP_703983_098,JPEG  ,JFIF standard 1.02,300  DPI,1432x2509
BHVP_703983_099,JPEG  ,JFIF standard 1.02,300  DPI,1625x2526
BHVP_703983_100,JPEG  ,JFIF standard 1.02,300  DPI,1584x2519
BHVP_703983_101,JPEG  ,JFIF standard 1.02,300  DPI,1617x2519
BHVP_703983_102,JPEG  ,JFIF standard 1.02,300  DPI,1614x2524
BHVP_703983_103,JPEG  ,JFIF standard 1.02,300  DPI,1619x2524
BHVP_703983_104,JPEG  ,JFIF standard 1.02,300  DPI,1571x2513
BHVP_703983_105,JPEG  ,JFIF standard 1.02,300  DPI,1626x2513
BHVP_703983_106,JPEG  ,JFIF standard 1.02,300  DPI,1572x2517
BHVP_703983_107,JPEG  ,JFIF standard 1.02,300  DPI,1604x2517
BHVP_703983_108,JPEG  ,JFIF standard 1.02,300  DPI,1591x2518
BHVP_703983_109,JPEG  ,JFIF standard 1.02,300  DPI,1583x2476
BHVP_703983_110,JPEG  ,JFIF standard 1.02,300  DPI,1581x2526
BHVP_703983_111,JPEG  ,JFIF standard 1.02,300  DPI,1596x2526
BHVP_703983_112,JPEG  ,JFIF standard 1.02,300  DPI,1571x2527
BHVP_703983_113,JPEG  ,JFIF standard 1.02,300  DPI,1597x2527
BHVP_703983_114,JPEG  ,JFIF standard 1.02,300  DPI,1595x2520
BHVP_703983_115,JPEG  ,JFIF standard 1.02,300  DPI,1594x2520
BHVP_703983_116,JPEG  ,JFIF standard 1.02,300  DPI,1556x2519
BHVP_703983_117,JPEG  ,JFIF standard 1.02,300  DPI,1585x2519
BHVP_703983_118,JPEG  ,JFIF standard 1.02,300  DPI,1557x2523
BHVP_703983_119,JPEG  ,JFIF standard 1.02,300  DPI,1583x2523
BHVP_703983_120,JPEG  ,JFIF standard 1.02,300  DPI,1558x2523
BHVP_703983_121,JPEG  ,JFIF standard 1.02,300  DPI,1597x2523
BHVP_703983_122,JPEG  ,JFIF standard 1.02,300  DPI,1546x2523
BHVP_703983_123,JPEG  ,JFIF standard 1.02,300  DPI,1593x2523
BHVP_703983_124,JPEG  ,JFIF standard 1.02,300  DPI,1539x2522
BHVP_703983_125,JPEG  ,JFIF standard 1.02,300  DPI,1591x2522
BHVP_703983_126,JPEG  ,JFIF standard 1.02,300  DPI,1527x2522
BHVP_703983_127,JPEG  ,JFIF standard 1.02,300  DPI,1592x2522
BHVP_703983_128,JPEG  ,JFIF standard 1.02,300  DPI,1563x2523
BHVP_703983_129,JPEG  ,JFIF standard 1.02,300  DPI,1588x2523
BHVP_703983_130,JPEG  ,JFIF standard 1.02,300  DPI,1533x2526
BHVP_703983_131,JPEG  ,JFIF standard 1.02,300  DPI,1566x2526
BHVP_703983_132,JPEG  ,JFIF standard 1.02,300  DPI,1530x2524
BHVP_703983_133,JPEG  ,JFIF standard 1.02,300  DPI,1554x2524
BHVP_703983_134,JPEG  ,JFIF standard 1.02,300  DPI,1542x2525
BHVP_703983_135,JPEG  ,JFIF standard 1.02,300  DPI,1552x2525
BHVP_703983_136,JPEG  ,JFIF standard 1.02,300  DPI,1539x2524
BHVP_703983_137,JPEG  ,JFIF standard 1.02,300  DPI,1556x2524
BHVP_703983_138,JPEG  ,JFIF standard 1.02,300  DPI,1560x2529
BHVP_703983_139,JPEG  ,JFIF standard 1.02,300  DPI,1537x2529
BHVP_703983_140,JPEG  ,JFIF standard 1.02,300  DPI,1527x2530
BHVP_703983_141,JPEG  ,JFIF standard 1.02,300  DPI,1549x2530
BHVP_703983_142,JPEG  ,JFIF standard 1.02,300  DPI,1532x2526
BHVP_703983_143,JPEG  ,JFIF standard 1.02,300  DPI,1545x2526
BHVP_703983_144,JPEG  ,JFIF standard 1.02,300  DPI,1571x2529
BHVP_703983_161,JPEG  ,JFIF standard 1.02,300  DPI,1565x2529
BHVP_703983_162,JPEG  ,JFIF standard 1.02,300  DPI,1577x2521
BHVP_703983_163,JPEG  ,JFIF standard 1.02,300  DPI,1560x2521
BHVP_703983_164,JPEG  ,JFIF standard 1.02,300  DPI,1569x2520
BHVP_703983_165,JPEG  ,JFIF standard 1.02,300  DPI,1563x2520
BHVP_703983_166,JPEG  ,JFIF standard 1.02,300  DPI,1564x2526
BHVP_703983_167,JPEG  ,JFIF standard 1.02,300  DPI,1569x2526
BHVP_703983_168,JPEG  ,JFIF standard 1.02,300  DPI,1543x2521
BHVP_703983_169,JPEG  ,JFIF standard 1.02,300  DPI,1570x2521
BHVP_703983_170,JPEG  ,JFIF standard 1.02,300  DPI,1540x2519
BHVP_703983_171,JPEG  ,JFIF standard 1.02,300  DPI,1560x2519
BHVP_703983_172,JPEG  ,JFIF standard 1.02,300  DPI,1528x2519
BHVP_703983_173,JPEG  ,JFIF standard 1.02,300  DPI,1559x2519
BHVP_703983_174,JPEG  ,JFIF standard 1.02,300  DPI,1507x2515
BHVP_703983_175,JPEG  ,JFIF standard 1.02,300  DPI,1591x2515
BHVP_703983_176,JPEG  ,JFIF standard 1.02,300  DPI,1510x2508
BHVP_703983_177,JPEG  ,JFIF standard 1.02,300  DPI,1604x2508
BHVP_703983_178,JPEG  ,JFIF standard 1.02,300  DPI,1502x2511
BHVP_703983_179,JPEG  ,JFIF standard 1.02,300  DPI,1610x2511
BHVP_703983_180,JPEG  ,JFIF standard 1.02,300  DPI,1504x2509
BHVP_703983_181,JPEG  ,JFIF standard 1.02,300  DPI,1641x2509
BHVP_703983_182,JPEG  ,JFIF standard 1.02,300  DPI,1590x2531
BHVP_703983_183,JPEG  ,JFIF standard 1.02,300  DPI,1531x2531
BHVP_703983_184,JPEG  ,JFIF standard 1.02,300  DPI,1557x2523
BHVP_703983_185,JPEG  ,JFIF standard 1.02,300  DPI,1570x2523
BHVP_703983_186,JPEG  ,JFIF standard 1.02,300  DPI,1552x2520
BHVP_703983_187,JPEG  ,JFIF standard 1.02,300  DPI,1567x2520
BHVP_703983_188,JPEG  ,JFIF standard 1.02,300  DPI,1568x2519
BHVP_703983_189,JPEG  ,JFIF standard 1.02,300  DPI,1579x2519
BHVP_703983_190,JPEG  ,JFIF standard 1.02,300  DPI,1549x2520
BHVP_703983_191,JPEG  ,JFIF standard 1.02,300  DPI,1573x2520
BHVP_703983_192,JPEG  ,JFIF standard 1.02,300  DPI,1579x2521
BHVP_703983_193,JPEG  ,JFIF standard 1.02,300  DPI,1577x2521
BHVP_703983_194,JPEG  ,JFIF standard 1.02,300  DPI,1585x2518
BHVP_703983_195,JPEG  ,JFIF standard 1.02,300  DPI,1580x2518
BHVP_703983_196,JPEG  ,JFIF standard 1.02,300  DPI,1573x2511
BHVP_703983_197,JPEG  ,JFIF standard 1.02,300  DPI,1592x2511
BHVP_703983_198,JPEG  ,JFIF standard 1.02,300  DPI,1582x2510
BHVP_703983_199,JPEG  ,JFIF standard 1.02,300  DPI,1597x2510
BHVP_703983_200,JPEG  ,JFIF standard 1.02,300  DPI,1588x2512
BHVP_703983_201,JPEG  ,JFIF standard 1.02,300  DPI,1573x2512
BHVP_703983_202,JPEG  ,JFIF standard 1.02,300  DPI,1600x2520
BHVP_703983_203,JPEG  ,JFIF standard 1.02,300  DPI,1617x2520
BHVP_703983_204,JPEG  ,JFIF standard 1.02,300  DPI,1580x2518
BHVP_703983_205,JPEG  ,JFIF standard 1.02,300  DPI,1632x2518
BHVP_703983_206,JPEG  ,JFIF standard 1.02,300  DPI,1596x2522
BHVP_703983_207,JPEG  ,JFIF standard 1.02,300  DPI,1626x2522
BHVP_703983_208,JPEG  ,JFIF standard 1.02,300  DPI,1562x2527
BHVP_703983_209,JPEG  ,JFIF standard 1.02,300  DPI,1619x2527
BHVP_703983_210,JPEG  ,JFIF standard 1.02,300  DPI,1548x2526
BHVP_703983_211,JPEG  ,JFIF standard 1.02,300  DPI,1597x2526
BHVP_703983_212,JPEG  ,JFIF standard 1.02,300  DPI,1592x2526
BHVP_703983_213,JPEG  ,JFIF standard 1.02,300  DPI,1603x2526
BHVP_703983_214,JPEG  ,JFIF standard 1.02,300  DPI,1549x2531
BHVP_703983_215,JPEG  ,JFIF standard 1.02,300  DPI,1611x2531
BHVP_703983_216,JPEG  ,JFIF standard 1.02,300  DPI,1563x2524
BHVP_703983_217,JPEG  ,JFIF standard 1.02,300  DPI,1634x2526
BHVP_703983_218,JPEG  ,JFIF standard 1.02,300  DPI,1562x2539
BHVP_703983_219,JPEG  ,JFIF standard 1.02,300  DPI,1632x2532
BHVP_703983_220,JPEG  ,JFIF standard 1.02,300  DPI,1571x2527
BHVP_703983_221,JPEG  ,JFIF standard 1.02,300  DPI,1608x2527
BHVP_703983_222,JPEG  ,JFIF standard 1.02,300  DPI,1578x2532
BHVP_703983_223,JPEG  ,JFIF standard 1.02,300  DPI,1599x2532
BHVP_703983_224,JPEG  ,JFIF standard 1.02,300  DPI,1575x2484
BHVP_703983_225,JPEG  ,JFIF standard 1.02,300  DPI,1474x2476
BHVP_703983_226,JPEG  ,JFIF standard 1.02,300  DPI,1557x2541
BHVP_703983_227,JPEG  ,JFIF standard 1.02,300  DPI,1576x2541
BHVP_703983_228,JPEG  ,JFIF standard 1.02,300  DPI,1628x2520
BHVP_703983_229,JPEG  ,JFIF standard 1.02,300  DPI,1479x2520
BHVP_703983_230,JPEG  ,JFIF standard 1.02,300  DPI,1559x2535
BHVP_703983_231,JPEG  ,JFIF standard 1.02,300  DPI,1580x2535
BHVP_703983_232,JPEG  ,JFIF standard 1.02,300  DPI,1542x2541
BHVP_703983_233,JPEG  ,JFIF standard 1.02,300  DPI,1573x2541
BHVP_703983_234,JPEG  ,JFIF standard 1.02,300  DPI,1569x2541
BHVP_703983_235,JPEG  ,JFIF standard 1.02,300  DPI,1557x2541
BHVP_703983_236,JPEG  ,JFIF standard 1.02,300  DPI,1568x2547
BHVP_703983_237,JPEG  ,JFIF standard 1.02,300  DPI,1584x2547
BHVP_703983_238,JPEG  ,JFIF standard 1.02,300  DPI,1567x2521
BHVP_703983_239,JPEG  ,JFIF standard 1.02,300  DPI,1572x2521
BHVP_703983_240,JPEG  ,JFIF standard 1.02,300  DPI,1498x2551
BHVP_703983_241,JPEG  ,JFIF standard 1.02,300  DPI,1516x2551
BHVP_703983_242,JPEG  ,JFIF standard 1.02,300  DPI,1541x2536
BHVP_703983_243,JPEG  ,JFIF standard 1.02,300  DPI,1608x2536
BHVP_703983_244,JPEG  ,JFIF standard 1.02,300  DPI,1548x2543
BHVP_703983_245,JPEG  ,JFIF standard 1.02,300  DPI,1616x2543
BHVP_703983_246,JPEG  ,JFIF standard 1.02,300  DPI,1572x2547
BHVP_703983_247,JPEG  ,JFIF standard 1.02,300  DPI,1612x2547
BHVP_703983_248,JPEG  ,JFIF standard 1.02,300  DPI,1575x2567
BHVP_703983_249,JPEG  ,JFIF standard 1.02,300  DPI,1604x2567
BHVP_703983_250,JPEG  ,JFIF standard 1.02,300  DPI,1560x2542
BHVP_703983_251,JPEG  ,JFIF standard 1.02,300  DPI,1570x2542
BHVP_703983_252,JPEG  ,JFIF standard 1.02,300  DPI,1562x2540
BHVP_703983_253,JPEG  ,JFIF standard 1.02,300  DPI,1637x2540
BHVP_703983_254,JPEG  ,JFIF standard 1.02,300  DPI,1600x2528
BHVP_703983_255,JPEG  ,JFIF standard 1.02,300  DPI,1578x2528
BHVP_703983_extra_001,JPEG  ,JFIF standard 1.02,300  DPI,2094x2903
BHVP_703983_extra_002,JPEG  ,JFIF standard 1.02,300  DPI,2364x3103
BHVP_703983_extra_003,JPEG  ,JFIF standard 1.02,300  DPI,1607x2539
BHVP_703983_extra_004,JPEG  ,JFIF standard 1.02,300  DPI,1604x2539
BHVP_703983_extra_005,JPEG  ,JFIF standard 1.02,300  DPI,1630x2547
BHVP_703983_extra_006,JPEG  ,JFIF standard 1.02,300  DPI,1568x2547
BHVP_703983_extra_007,JPEG  ,JFIF standard 1.02,300  DPI,1952x3078
