"id","arrondissement_id","street_id"
"8","0","3"
"68","0","23"
"92","0","32"
"115","0","43"
"168","0","63"
"215","0","76"
"219","0","78"
"241","0","88"
"267","0","99"
"273","0","102"
"282","0","106"
"354","0","128"
"364","0","132"
"367","0","134"
"559","0","196"
"775","0","261"
"843","0","282"
"1062","0","345"
"1136","0","366"
"1225","0","395"
"1232","0","398"
"1306","0","424"
"1335","0","433"
"1336","0","434"
"1356","0","440"
"1482","0","477"
"1682","0","543"
"1685","0","545"
"1740","0","563"
"1871","0","602"
"1886","0","607"
"2091","0","664"
"2171","0","688"
"2269","0","719"
"2270","0","720"
"2271","0","721"
"2272","0","722"
"2273","0","723"
"2379","0","753"
"2394","0","760"
"2415","0","767"
"2433","0","775"
"2472","0","787"
"2485","0","792"
"2490","0","794"
"2499","0","797"
"2529","0","806"
"2542","0","809"
"2545","0","811"
"2561","0","815"
"2581","0","821"
"2590","0","825"
"2649","0","846"
"2680","0","855"
"2740","0","877"
"2755","0","883"
"2761","0","887"
"2767","0","889"
"2768","0","890"
"2780","0","895"
"2784","0","898"
"2790","0","901"
"2804","0","906"
"2811","0","910"
"3101","0","912"
"2821","0","916"
"2822","0","917"
"2829","0","919"
"2843","0","925"
"2858","0","932"
"2864","0","935"
"2887","0","944"
"2909","0","952"
"2920","0","955"
"2921","0","956"
"2922","0","957"
"2931","0","961"
"2932","0","962"
"2997","0","986"
"3008","0","993"
"3035","0","1002"
"3068","0","1016"
"3095","0","1028"
"3096","0","1029"
"3100","0","1031"
"30","1","11"
"41","1","14"
"65","1","22"
"119","1","45"
"128","1","48"
"133","1","50"
"187","1","69"
"195","1","71"
"201","1","72"
"238","1","87"
"264","1","98"
"276","1","104"
"308","1","116"
"320","1","119"
"351","1","127"
"368","1","135"
"380","1","139"
"383","1","140"
"397","1","144"
"453","1","163"
"486","1","174"
"490","1","175"
"547","1","192"
"550","1","193"
"556","1","195"
"586","1","206"
"618","1","213"
"657","1","229"
"668","1","231"
"730","1","249"
"740","1","251"
"759","1","256"
"765","1","258"
"811","1","271"
"847","1","284"
"869","1","290"
"874","1","292"
"909","1","303"
"912","1","304"
"922","1","306"
"938","1","311"
"941","1","312"
"988","1","325"
"997","1","327"
"1010","1","330"
"1030","1","335"
"1059","1","343"
"1080","1","350"
"1090","1","352"
"1093","1","353"
"1096","1","354"
"1137","1","367"
"1151","1","371"
"1168","1","379"
"1171","1","380"
"1208","1","389"
"1213","1","391"
"1219","1","393"
"1226","1","396"
"1229","1","397"
"1237","1","400"
"1242","1","402"
"1319","1","428"
"1326","1","430"
"1337","1","435"
"1340","1","436"
"1381","1","449"
"1408","1","456"
"1411","1","457"
"1418","1","458"
"1427","1","461"
"1434","1","462"
"1437","1","463"
"1457","1","468"
"1460","1","469"
"1483","1","478"
"1511","1","484"
"1522","1","488"
"1584","1","508"
"1592","1","511"
"1639","1","528"
"1731","1","560"
"1745","1","565"
"1758","1","568"
"1767","1","571"
"1774","1","572"
"1801","1","580"
"1855","1","596"
"1929","1","621"
"1980","1","635"
"1991","1","639"
"2016","1","647"
"2042","1","655"
"2045","1","656"
"2059","1","660"
"2072","1","661"
"2109","1","670"
"2112","1","671"
"2122","1","674"
"2135","1","679"
"2195","1","696"
"2213","1","700"
"2240","1","709"
"2249","1","711"
"2391","1","758"
"2395","1","761"
"2407","1","764"
"2416","1","770"
"2450","1","781"
"2500","1","798"
"2587","1","824"
"2612","1","835"
"2618","1","837"
"2621","1","838"
"2643","1","844"
"2646","1","845"
"2661","1","851"
"2677","1","854"
"2710","1","866"
"2741","1","878"
"2787","1","900"
"2791","1","902"
"2823","1","918"
"2830","1","921"
"2913","1","954"
"2969","1","975"
"2992","1","984"
"3021","1","996"
"3032","1","1001"
"3062","1","1014"
"3069","1","1017"
"3097","1","1030"
"14","2","6"
"19","2","7"
"33","2","12"
"42","2","14"
"124","2","47"
"211","2","75"
"296","2","112"
"302","2","114"
"319","2","119"
"424","2","153"
"482","2","173"
"496","2","176"
"514","2","182"
"529","2","187"
"592","2","206"
"593","2","207"
"614","2","212"
"627","2","216"
"631","2","217"
"658","2","229"
"673","2","233"
"707","2","243"
"731","2","249"
"783","2","265"
"791","2","267"
"814","2","272"
"3104","2","278"
"850","2","285"
"913","2","304"
"930","2","309"
"947","2","314"
"964","2","318"
"974","2","321"
"998","2","327"
"1011","2","330"
"1020","2","332"
"1052","2","341"
"1066","2","347"
"1072","2","348"
"1076","2","349"
"1081","2","350"
"1115","2","360"
"1119","2","361"
"1147","2","370"
"1172","2","380"
"1187","2","383"
"1233","2","399"
"1253","2","407"
"1287","2","419"
"1311","2","426"
"1329","2","431"
"1357","2","441"
"1364","2","443"
"1370","2","445"
"1384","2","450"
"1388","2","451"
"1412","2","457"
"1428","2","461"
"1438","2","463"
"1499","2","482"
"1503","2","483"
"1542","2","495"
"1552","2","498"
"1633","2","526"
"1640","2","528"
"1662","2","538"
"1670","2","539"
"1676","2","541"
"1686","2","546"
"1712","2","554"
"1720","2","557"
"1724","2","558"
"1736","2","562"
"1746","2","565"
"1768","2","571"
"1775","2","572"
"1813","2","585"
"1817","2","586"
"1825","2","587"
"1835","2","590"
"1846","2","593"
"1858","2","596"
"1862","2","597"
"1892","2","610"
"1903","2","614"
"1938","2","622"
"1942","2","623"
"1987","2","638"
"2012","2","646"
"2031","2","652"
"2038","2","654"
"2060","2","660"
"2075","2","661"
"2115","2","672"
"2128","2","677"
"2143","2","682"
"2150","2","684"
"2174","2","690"
"2198","2","697"
"2209","2","699"
"2252","2","712"
"2260","2","714"
"2319","2","736"
"2364","2","749"
"2396","2","761"
"2425","2","773"
"2429","2","774"
"2453","2","781"
"2491","2","795"
"2501","2","798"
"2507","2","799"
"2511","2","800"
"2530","2","807"
"2538","2","808"
"2548","2","813"
"2557","2","814"
"2569","2","818"
"2630","2","840"
"2639","2","843"
"2662","2","851"
"2914","2","954"
"2943","2","968"
"52","3","17"
"223","3","80"
"260","3","96"
"331","3","122"
"433","3","157"
"437","3","158"
"601","3","209"
"664","3","230"
"680","3","235"
"699","3","241"
"718","3","246"
"771","3","260"
"824","3","275"
"830","3","276"
"865","3","289"
"882","3","295"
"897","3","300"
"934","3","310"
"951","3","315"
"957","3","316"
"991","3","326"
"1006","3","329"
"1099","3","355"
"1128","3","364"
"1143","3","369"
"1173","3","380"
"1197","3","387"
"1294","3","421"
"1300","3","423"
"1307","3","425"
"1315","3","427"
"1343","3","437"
"1352","3","439"
"1371","3","445"
"1392","3","452"
"1398","3","453"
"1404","3","455"
"1444","3","464"
"1453","3","467"
"1463","3","470"
"1469","3","472"
"1491","3","480"
"1504","3","483"
"1534","3","492"
"1559","3","500"
"1566","3","502"
"1618","3","520"
"1663","3","538"
"1741","3","564"
"1752","3","566"
"1763","3","570"
"1797","3","579"
"1807","3","582"
"1818","3","586"
"1839","3","591"
"1877","3","604"
"1893","3","610"
"1910","3","616"
"1921","3","619"
"1932","3","621"
"1943","3","623"
"1976","3","634"
"1994","3","641"
"1998","3","642"
"2050","3","658"
"2061","3","660"
"2079","3","662"
"2154","3","684"
"2161","3","686"
"2178","3","691"
"2199","3","697"
"2230","3","706"
"2236","3","708"
"2243","3","710"
"2256","3","713"
"2312","3","735"
"2324","3","737"
"2353","3","744"
"2360","3","747"
"2365","3","749"
"2464","3","785"
"2468","3","786"
"2486","3","793"
"2518","3","802"
"2531","3","807"
"2565","3","817"
"2573","3","819"
"2577","3","820"
"2655","3","849"
"2663","3","851"
"2797","3","904"
"2965","3","974"
"2972","3","977"
"3015","3","995"
"3045","3","1007"
"3058","3","1012"
"3072","3","1018"
"11","4","5"
"62","4","21"
"190","4","69"
"198","4","71"
"204","4","72"
"216","4","77"
"335","4","123"
"358","4","130"
"371","4","135"
"394","4","143"
"402","4","146"
"421","4","152"
"553","4","194"
"560","4","197"
"581","4","204"
"681","4","235"
"722","4","246"
"743","4","251"
"796","4","267"
"825","4","275"
"901","4","300"
"906","4","302"
"944","4","313"
"952","4","315"
"992","4","326"
"1024","4","333"
"1027","4","334"
"1033","4","335"
"1108","4","358"
"1129","4","364"
"1140","4","368"
"1163","4","375"
"1174","4","380"
"1198","4","387"
"1222","4","394"
"1301","4","423"
"1344","4","437"
"1378","4","448"
"1393","4","452"
"1473","4","473"
"1479","4","476"
"1492","4","480"
"1546","4","496"
"1556","4","499"
"1578","4","506"
"1648","4","530"
"1651","4","531"
"1843","4","592"
"1850","4","594"
"1881","4","605"
"1918","4","618"
"1922","4","619"
"1936","4","621"
"1950","4","624"
"1965","4","631"
"2054","4","658"
"2056","4","659"
"2062","4","660"
"2083","4","662"
"2106","4","669"
"2158","4","685"
"2187","4","693"
"2216","4","701"
"2244","4","710"
"2316","4","735"
"2329","4","738"
"2373","4","750"
"2410","4","765"
"2447","4","780"
"2554","4","813"
"2615","4","836"
"2624","4","838"
"2627","4","839"
"2634","4","841"
"2690","4","859"
"2693","4","860"
"2696","4","861"
"2704","4","864"
"2707","4","865"
"2713","4","867"
"2729","4","873"
"2732","4","874"
"2794","4","903"
"2801","4","905"
"2805","4","907"
"2808","4","908"
"2826","4","918"
"2831","4","921"
"2906","4","951"
"2940","4","967"
"2976","4","978"
"2979","4","979"
"3019","4","995"
"3029","4","1000"
"3036","4","1003"
"3046","4","1007"
"3065","4","1015"
"3092","4","1027"
"69","5","24"
"98","5","35"
"116","5","44"
"157","5","59"
"233","5","85"
"290","5","110"
"293","5","111"
"326","5","120"
"412","5","150"
"609","5","211"
"696","5","240"
"840","5","281"
"889","5","297"
"894","5","299"
"927","5","308"
"978","5","322"
"981","5","323"
"1017","5","331"
"1036","5","336"
"1291","5","420"
"1361","5","442"
"1421","5","460"
"1549","5","497"
"1581","5","507"
"1595","5","512"
"1654","5","534"
"1784","5","574"
"1829","5","588"
"1832","5","589"
"1872","5","603"
"1916","5","617"
"1960","5","628"
"1970","5","633"
"2004","5","644"
"2023","5","649"
"2028","5","651"
"2035","5","653"
"2140","5","681"
"2165","5","687"
"2190","5","694"
"2222","5","703"
"2266","5","716"
"2277","5","725"
"2332","5","739"
"2607","5","834"
"2652","5","848"
"2674","5","853"
"2719","5","869"
"2735","5","875"
"2756","5","885"
"2836","5","922"
"2851","5","928"
"2865","5","936"
"2891","5","946"
"2903","5","950"
"2910","5","953"
"2926","5","959"
"2935","5","965"
"2956","5","972"
"2962","5","973"
"72","6","25"
"111","6","41"
"113","6","42"
"131","6","49"
"141","6","53"
"143","6","54"
"145","6","55"
"150","6","57"
"162","6","61"
"274","6","103"
"376","6","138"
"388","6","142"
"445","6","160"
"480","6","172"
"527","6","186"
"643","6","222"
"652","6","227"
"776","6","262"
"778","6","263"
"802","6","269"
"804","6","270"
"3102","6","277"
"856","6","287"
"892","6","298"
"925","6","307"
"1004","6","328"
"1042","6","338"
"3108","6","344"
"1103","6","356"
"1111","6","359"
"1203","6","388"
"1240","6","401"
"1245","6","403"
"1298","6","422"
"1368","6","444"
"1402","6","454"
"1422","6","460"
"1448","6","465"
"1517","6","486"
"1538","6","493"
"1540","6","494"
"1576","6","505"
"1590","6","510"
"1598","6","513"
"1616","6","519"
"1628","6","523"
"1637","6","527"
"1646","6","529"
"1674","6","540"
"1680","6","542"
"1683","6","544"
"1716","6","555"
"1734","6","561"
"1756","6","567"
"1761","6","569"
"1811","6","584"
"1884","6","606"
"1887","6","608"
"1914","6","617"
"1927","6","620"
"1963","6","630"
"1968","6","632"
"1973","6","633"
"2098","6","666"
"2138","6","680"
"2168","6","687"
"2172","6","689"
"2185","6","692"
"2193","6","695"
"2234","6","707"
"2264","6","715"
"2280","6","725"
"2305","6","734"
"2413","6","766"
"2522","6","803"
"2543","6","810"
"2594","6","827"
"2659","6","850"
"2672","6","852"
"2685","6","857"
"2725","6","871"
"2727","6","872"
"2759","6","886"
"2778","6","894"
"2815","6","913"
"2839","6","923"
"2868","6","937"
"2957","6","972"
"2995","6","985"
"2998","6","987"
"3000","6","988"
"3051","6","1008"
"1","7","1"
"93","7","33"
"183","7","67"
"209","7","74"
"236","7","86"
"378","7","138"
"386","7","141"
"400","7","145"
"405","7","147"
"429","7","155"
"584","7","205"
"806","7","270"
"854","7","286"
"858","7","287"
"872","7","291"
"1113","7","359"
"1166","7","378"
"1423","7","460"
"1467","7","471"
"1702","7","550"
"1718","7","556"
"1789","7","576"
"1869","7","600"
"1958","7","627"
"1974","7","633"
"1983","7","636"
"2002","7","643"
"2169","7","687"
"2228","7","705"
"2358","7","745"
"2681","7","856"
"2702","7","863"
"2738","7","876"
"2762","7","888"
"3056","7","1011"
"6","8","2"
"9","8","4"
"23","8","8"
"25","8","9"
"37","8","13"
"50","8","16"
"60","8","19"
"122","8","46"
"160","8","60"
"169","8","64"
"207","8","73"
"247","8","92"
"300","8","113"
"329","8","121"
"365","8","133"
"374","8","136"
"390","8","143"
"410","8","149"
"431","8","156"
"441","8","159"
"447","8","161"
"451","8","162"
"459","8","165"
"476","8","171"
"489","8","174"
"493","8","175"
"500","8","177"
"502","8","178"
"507","8","180"
"518","8","183"
"533","8","188"
"539","8","190"
"543","8","191"
"563","8","198"
"579","8","203"
"599","8","208"
"605","8","210"
"641","8","221"
"648","8","225"
"650","8","226"
"671","8","232"
"689","8","237"
"694","8","239"
"703","8","242"
"711","8","244"
"755","8","255"
"877","8","293"
"1123","8","362"
"1211","8","390"
"1322","8","429"
"1333","8","432"
"1486","8","478"
"1489","8","479"
"1497","8","481"
"1606","8","516"
"1660","8","536"
"1704","8","551"
"1787","8","575"
"1853","8","595"
"1953","8","625"
"2019","8","647"
"2026","8","650"
"2290","8","728"
"2292","8","729"
"2294","8","730"
"2344","8","742"
"2419","8","771"
"2421","8","772"
"2459","8","783"
"2527","8","805"
"2546","8","812"
"2637","8","842"
"2682","8","856"
"2776","8","893"
"2785","8","899"
"2847","8","927"
"2854","8","930"
"2877","8","940"
"3004","8","991"
"3085","8","1024"
"15","9","6"
"38","9","13"
"77","9","27"
"152","9","58"
"220","9","79"
"248","9","92"
"268","9","100"
"283","9","107"
"311","9","117"
"341","9","125"
"355","9","129"
"361","9","131"
"392","9","143"
"418","9","152"
"443","9","159"
"449","9","161"
"456","9","164"
"461","9","166"
"494","9","175"
"541","9","190"
"545","9","191"
"565","9","198"
"567","9","199"
"576","9","202"
"597","9","207"
"607","9","210"
"645","9","223"
"654","9","228"
"677","9","234"
"691","9","238"
"705","9","242"
"713","9","244"
"715","9","245"
"737","9","250"
"749","9","253"
"752","9","254"
"768","9","259"
"780","9","264"
"787","9","265"
"788","9","266"
"795","9","267"
"799","9","268"
"818","9","273"
"821","9","274"
"834","9","279"
"837","9","280"
"844","9","283"
"862","9","288"
"879","9","294"
"903","9","301"
"961","9","317"
"968","9","319"
"1047","9","340"
"1056","9","342"
"1070","9","347"
"1087","9","351"
"1154","9","372"
"1157","9","373"
"1216","9","392"
"1247","9","405"
"1269","9","413"
"1272","9","414"
"1275","9","415"
"1324","9","429"
"1349","9","438"
"1487","9","478"
"1519","9","487"
"1525","9","489"
"1528","9","490"
"1531","9","491"
"1563","9","501"
"1573","9","504"
"1603","9","515"
"1607","9","516"
"1610","9","517"
"1613","9","518"
"1622","9","521"
"1625","9","522"
"1657","9","535"
"1690","9","547"
"1693","9","548"
"1699","9","549"
"1709","9","553"
"1866","9","598"
"1889","9","609"
"1955","9","626"
"2225","9","704"
"2382","9","755"
"2385","9","756"
"2388","9","757"
"2422","9","772"
"2482","9","791"
"2552","9","813"
"2584","9","823"
"2950","9","970"
"3009","9","994"
"3042","9","1006"
"3079","9","1022"
"27","10","10"
"87","10","30"
"95","10","34"
"103","10","37"
"108","10","40"
"136","10","51"
"147","10","56"
"173","10","65"
"178","10","66"
"242","10","90"
"251","10","93"
"279","10","105"
"415","10","151"
"464","10","167"
"570","10","200"
"635","10","219"
"686","10","236"
"762","10","257"
"1039","10","337"
"1044","10","339"
"1063","10","346"
"1105","10","357"
"1160","10","374"
"1184","10","382"
"1191","10","384"
"1194","10","386"
"1248","10","405"
"1260","10","411"
"1263","10","412"
"1278","10","415"
"1281","10","417"
"1284","10","418"
"1514","10","485"
"1570","10","503"
"1587","10","509"
"1694","10","548"
"1728","10","559"
"1791","10","577"
"1804","10","581"
"2020","10","648"
"2085","10","663"
"2092","10","665"
"2147","10","683"
"2182","10","691"
"2206","10","698"
"2296","10","732"
"2302","10","733"
"2323","10","736"
"2339","10","741"
"2366","10","749"
"2461","10","784"
"2495","10","795"
"2496","10","796"
"2524","10","804"
"2562","10","816"
"2687","10","858"
"2722","10","870"
"2773","10","892"
"2923","10","958"
"3012","10","994"
"3039","10","1004"
"48","11","15"
"254","11","94"
"257","11","95"
"316","11","118"
"338","11","124"
"473","11","170"
"511","11","181"
"520","11","184"
"573","11","201"
"624","11","215"
"638","11","220"
"886","11","296"
"919","11","305"
"971","11","320"
"1133","11","365"
"1257","11","410"
"1266","11","412"
"1450","11","466"
"1476","11","474"
"1600","11","514"
"1794","11","578"
"1900","11","612"
"1907","11","615"
"2088","11","663"
"2095","11","665"
"2119","11","673"
"2125","11","676"
"2132","11","678"
"2299","11","732"
"2318","11","735"
"2325","11","737"
"2348","11","743"
"2357","11","744"
"2402","11","763"
"2437","11","777"
"2479","11","790"
"2515","11","801"
"2596","11","828"
"2599","11","829"
"2602","11","830"
"2752","11","882"
"2947","11","969"
"2953","11","971"
"3053","11","1010"
"3076","11","1020"
"3082","11","1023"
"3089","11","1026"
"407","12","148"
"470","12","169"
"504","12","179"
"523","12","184"
"621","12","214"
"724","12","247"
"727","12","248"
"1125","12","363"
"1630","12","524"
"1706","12","552"
"1781","12","573"
"2100","12","667"
"2103","12","668"
"2219","12","702"
"2376","12","752"
"2405","12","763"
"2434","12","776"
"2440","12","777"
"2591","12","826"
"2716","12","868"
"2781","12","897"
"80","13","28"
"346","13","126"
"612","13","211"
"1875","13","603"
"2007","13","645"
"2335","13","739"
"2610","13","834"
"2699","13","862"
"2892","13","946"
"56","14","18"
"83","14","29"
"164","14","62"
"347","14","126"
"2010","14","645"
"2281","14","725"
"2283","14","726"
"2307","14","734"
"2744","14","879"
"2769","14","891"
"2870","14","937"
"2879","14","941"
"2893","14","946"
"2958","14","972"
"2984","14","981"
"2","15","1"
"535","15","189"
"808","15","270"
"860","15","287"
"984","15","324"
"1205","15","388"
"2310","15","734"
"2473","15","788"
"2764","15","888"
"2873","15","939"
"467","16","168"
"746","16","252"
"2274","16","724"
"2287","16","727"
"2812","16","911"
"2844","16","926"
"2888","16","945"
"3026","16","998"
"90","17","31"
"101","17","36"
"171","17","64"
"193","17","70"
"271","17","101"
"288","17","109"
"478","17","171"
"509","17","180"
"757","17","255"
"1985","17","637"
"2048","17","657"
"2346","17","742"
"2444","17","779"
"2457","17","782"
"2819","17","915"
"2841","17","924"
"2849","17","927"
"2901","17","949"
"2938","17","966"
"3087","17","1025"
"75","18","26"
"139","18","52"
"155","18","58"
"176","18","65"
"181","18","66"
"227","18","81"
"231","18","84"
"306","18","115"
"314","18","117"
"342","18","125"
"1050","18","340"
"2442","18","778"
"2445","18","779"
"2605","18","833"
"2650","18","847"
"2750","18","881"
"2817","18","914"
"2862","18","934"
"2885","18","943"
"2897","18","947"
"2933","18","964"
"2982","18","980"
"2988","18","982"
"2990","18","983"
"3002","18","990"
"3006","18","992"
"3024","18","997"
"74","19","26"
"104","19","37"
"185","19","68"
"229","19","83"
"245","19","91"
"286","19","108"
"525","19","185"
"2342","19","741"
"2380","19","754"
"2477","19","789"
"2582","19","822"
"2859","19","933"
"2337","20","740"
"2351","20","743"
"2748","20","880"
"2856","20","931"
"2861","20","933"
"2883","20","942"
"2899","20","948"
"2929","20","960"
"7","21","2"
"10","21","4"
"24","21","8"
"26","21","9"
"31","21","11"
"39","21","13"
"43","21","14"
"51","21","16"
"61","21","19"
"66","21","22"
"79","21","27"
"120","21","45"
"123","21","46"
"129","21","48"
"134","21","50"
"154","21","58"
"161","21","60"
"170","21","64"
"188","21","69"
"196","21","71"
"202","21","72"
"208","21","73"
"222","21","79"
"239","21","87"
"249","21","92"
"265","21","98"
"270","21","100"
"277","21","104"
"285","21","107"
"301","21","113"
"309","21","116"
"313","21","117"
"321","21","119"
"330","21","121"
"344","21","125"
"352","21","127"
"357","21","129"
"363","21","131"
"366","21","133"
"369","21","135"
"375","21","136"
"381","21","139"
"384","21","140"
"391","21","143"
"398","21","144"
"411","21","149"
"420","21","152"
"428","21","154"
"432","21","156"
"442","21","159"
"448","21","161"
"452","21","162"
"454","21","163"
"458","21","164"
"460","21","165"
"462","21","166"
"468","21","168"
"477","21","171"
"487","21","174"
"491","21","175"
"501","21","177"
"503","21","178"
"508","21","180"
"519","21","183"
"534","21","188"
"540","21","190"
"544","21","191"
"548","21","192"
"551","21","193"
"557","21","195"
"564","21","198"
"568","21","199"
"577","21","202"
"580","21","203"
"587","21","206"
"598","21","207"
"600","21","208"
"606","21","210"
"619","21","213"
"642","21","221"
"646","21","223"
"649","21","225"
"651","21","226"
"656","21","228"
"659","21","229"
"669","21","231"
"672","21","232"
"678","21","234"
"690","21","237"
"692","21","238"
"695","21","239"
"704","21","242"
"712","21","244"
"716","21","245"
"732","21","249"
"738","21","250"
"741","21","251"
"747","21","252"
"750","21","253"
"753","21","254"
"756","21","255"
"760","21","256"
"766","21","258"
"769","21","259"
"781","21","264"
"789","21","266"
"800","21","268"
"812","21","271"
"819","21","273"
"822","21","274"
"835","21","279"
"838","21","280"
"845","21","283"
"848","21","284"
"863","21","288"
"870","21","290"
"875","21","292"
"878","21","293"
"880","21","294"
"904","21","301"
"910","21","303"
"914","21","304"
"923","21","306"
"939","21","311"
"942","21","312"
"962","21","317"
"969","21","319"
"989","21","325"
"999","21","327"
"1012","21","330"
"1031","21","335"
"1048","21","340"
"1057","21","342"
"1060","21","343"
"1071","21","347"
"1082","21","350"
"1088","21","351"
"1091","21","352"
"1094","21","353"
"1097","21","354"
"1124","21","362"
"1138","21","367"
"1152","21","371"
"1155","21","372"
"1158","21","373"
"1169","21","379"
"1175","21","380"
"1209","21","389"
"1212","21","390"
"1214","21","391"
"1217","21","392"
"1220","21","393"
"1227","21","396"
"1230","21","397"
"1238","21","400"
"1243","21","402"
"1249","21","405"
"1270","21","413"
"1273","21","414"
"1276","21","415"
"1320","21","428"
"1323","21","429"
"1327","21","430"
"1334","21","432"
"1338","21","435"
"1341","21","436"
"1350","21","438"
"1382","21","449"
"1409","21","456"
"1413","21","457"
"1419","21","458"
"1429","21","461"
"1435","21","462"
"1439","21","463"
"1458","21","468"
"1461","21","469"
"1484","21","478"
"1490","21","479"
"1498","21","481"
"1512","21","484"
"1520","21","487"
"1523","21","488"
"1526","21","489"
"1529","21","490"
"1532","21","491"
"1564","21","501"
"1574","21","504"
"1585","21","508"
"1593","21","511"
"1604","21","515"
"1608","21","516"
"1611","21","517"
"1614","21","518"
"1623","21","521"
"1626","21","522"
"1641","21","528"
"1658","21","535"
"1661","21","536"
"1691","21","547"
"1695","21","548"
"1700","21","549"
"1705","21","551"
"1710","21","553"
"1732","21","560"
"1747","21","565"
"1759","21","568"
"1769","21","571"
"1776","21","572"
"1788","21","575"
"1802","21","580"
"1854","21","595"
"1856","21","596"
"1867","21","598"
"1890","21","609"
"1930","21","621"
"1954","21","625"
"1956","21","626"
"1981","21","635"
"1992","21","639"
"2017","21","647"
"2027","21","650"
"2043","21","655"
"2046","21","656"
"2063","21","660"
"2073","21","661"
"2110","21","670"
"2113","21","671"
"2123","21","674"
"2136","21","679"
"2196","21","696"
"2214","21","700"
"2226","21","704"
"2241","21","709"
"2250","21","711"
"2275","21","724"
"2288","21","727"
"2291","21","728"
"2293","21","729"
"2295","21","730"
"2345","21","742"
"2383","21","755"
"2386","21","756"
"2389","21","757"
"2392","21","758"
"2397","21","761"
"2408","21","764"
"2417","21","770"
"2420","21","771"
"2423","21","772"
"2451","21","781"
"2460","21","783"
"2483","21","791"
"2502","21","798"
"2528","21","805"
"2547","21","812"
"2553","21","813"
"2585","21","823"
"2588","21","824"
"2613","21","835"
"2619","21","837"
"2622","21","838"
"2638","21","842"
"2644","21","844"
"2647","21","845"
"2664","21","851"
"2678","21","854"
"2684","21","856"
"2711","21","866"
"2742","21","878"
"2777","21","893"
"2786","21","899"
"2788","21","900"
"2792","21","902"
"2813","21","911"
"2824","21","918"
"2832","21","921"
"2845","21","926"
"2848","21","927"
"2855","21","930"
"2878","21","940"
"2889","21","945"
"2915","21","954"
"2951","21","970"
"2970","21","975"
"2993","21","984"
"3005","21","991"
"3010","21","994"
"3022","21","996"
"3027","21","998"
"3033","21","1001"
"3043","21","1006"
"3063","21","1014"
"3070","21","1017"
"3080","21","1022"
"3086","21","1024"
"3098","21","1030"
"16","22","6"
"20","22","7"
"34","22","12"
"40","22","13"
"45","22","14"
"78","22","27"
"125","22","47"
"153","22","58"
"212","22","75"
"221","22","79"
"250","22","92"
"269","22","100"
"284","22","107"
"297","22","112"
"303","22","114"
"312","22","117"
"322","22","119"
"343","22","125"
"356","22","129"
"362","22","131"
"393","22","143"
"419","22","152"
"425","22","153"
"444","22","159"
"450","22","161"
"457","22","164"
"463","22","166"
"483","22","173"
"495","22","175"
"497","22","176"
"530","22","187"
"542","22","190"
"546","22","191"
"566","22","198"
"569","22","199"
"578","22","202"
"588","22","206"
"594","22","207"
"608","22","210"
"615","22","212"
"628","22","216"
"632","22","217"
"647","22","223"
"655","22","228"
"660","22","229"
"674","22","233"
"679","22","234"
"693","22","238"
"706","22","242"
"708","22","243"
"714","22","244"
"717","22","245"
"733","22","249"
"739","22","250"
"751","22","253"
"754","22","254"
"770","22","259"
"782","22","264"
"784","22","265"
"790","22","266"
"792","22","267"
"801","22","268"
"815","22","272"
"820","22","273"
"823","22","274"
"3106","22","278"
"836","22","279"
"839","22","280"
"846","22","283"
"851","22","285"
"864","22","288"
"881","22","294"
"905","22","301"
"915","22","304"
"931","22","309"
"948","22","314"
"963","22","317"
"965","22","318"
"970","22","319"
"975","22","321"
"1000","22","327"
"1013","22","330"
"1021","22","332"
"1049","22","340"
"1053","22","341"
"1058","22","342"
"1067","22","347"
"1073","22","348"
"1077","22","349"
"1083","22","350"
"1089","22","351"
"1116","22","360"
"1120","22","361"
"1149","22","370"
"1156","22","372"
"1159","22","373"
"1176","22","380"
"1188","22","383"
"1218","22","392"
"1234","22","399"
"1250","22","405"
"1254","22","407"
"1271","22","413"
"1274","22","414"
"1277","22","415"
"1288","22","419"
"1313","22","426"
"1325","22","429"
"1330","22","431"
"1351","22","438"
"1358","22","441"
"1365","22","443"
"1372","22","445"
"1385","22","450"
"1389","22","451"
"1414","22","457"
"1430","22","461"
"1440","22","463"
"1488","22","478"
"1500","22","482"
"1505","22","483"
"1521","22","487"
"1527","22","489"
"1530","22","490"
"1533","22","491"
"1543","22","495"
"1553","22","498"
"1565","22","501"
"1575","22","504"
"1605","22","515"
"1609","22","516"
"1612","22","517"
"1615","22","518"
"1624","22","521"
"1627","22","522"
"1634","22","526"
"1642","22","528"
"1659","22","535"
"1664","22","538"
"1671","22","539"
"1677","22","541"
"1687","22","546"
"1692","22","547"
"1696","22","548"
"1701","22","549"
"1711","22","553"
"1713","22","554"
"1721","22","557"
"1726","22","558"
"1737","22","562"
"1748","22","565"
"1770","22","571"
"1777","22","572"
"1815","22","585"
"1819","22","586"
"1826","22","587"
"1836","22","590"
"1847","22","593"
"1859","22","596"
"1863","22","597"
"1868","22","598"
"1891","22","609"
"1894","22","610"
"1904","22","614"
"1939","22","622"
"1944","22","623"
"1957","22","626"
"1988","22","638"
"2013","22","646"
"2032","22","652"
"2039","22","654"
"2065","22","660"
"2076","22","661"
"2116","22","672"
"2129","22","677"
"2144","22","682"
"2151","22","684"
"2175","22","690"
"2200","22","697"
"2210","22","699"
"2227","22","704"
"2253","22","712"
"2261","22","714"
"2320","22","736"
"2367","22","749"
"2384","22","755"
"2387","22","756"
"2390","22","757"
"2398","22","761"
"2424","22","772"
"2426","22","773"
"2430","22","774"
"2455","22","781"
"2484","22","791"
"2492","22","795"
"2503","22","798"
"2508","22","799"
"2512","22","800"
"2532","22","807"
"2539","22","808"
"2549","22","813"
"2558","22","814"
"2570","22","818"
"2586","22","823"
"2631","22","840"
"2640","22","843"
"2666","22","851"
"2917","22","954"
"2944","22","968"
"2952","22","970"
"3011","22","994"
"3044","22","1006"
"3081","22","1022"
"17","23","6"
"21","23","7"
"28","23","10"
"35","23","12"
"46","23","14"
"88","23","30"
"96","23","34"
"105","23","37"
"109","23","40"
"126","23","47"
"137","23","51"
"148","23","56"
"174","23","65"
"179","23","66"
"213","23","75"
"243","23","90"
"252","23","93"
"280","23","105"
"298","23","112"
"304","23","114"
"323","23","119"
"416","23","151"
"426","23","153"
"465","23","167"
"484","23","173"
"498","23","176"
"515","23","182"
"531","23","187"
"571","23","200"
"589","23","206"
"595","23","207"
"616","23","212"
"629","23","216"
"633","23","217"
"636","23","219"
"661","23","229"
"675","23","233"
"687","23","236"
"709","23","243"
"734","23","249"
"763","23","257"
"785","23","265"
"793","23","267"
"816","23","272"
"3105","23","278"
"852","23","285"
"916","23","304"
"932","23","309"
"949","23","314"
"966","23","318"
"976","23","321"
"1001","23","327"
"1014","23","330"
"1022","23","332"
"1040","23","337"
"1045","23","339"
"1054","23","341"
"1064","23","346"
"1068","23","347"
"1074","23","348"
"1078","23","349"
"1084","23","350"
"1106","23","357"
"1117","23","360"
"1121","23","361"
"1148","23","370"
"1161","23","374"
"1177","23","380"
"1185","23","382"
"1189","23","383"
"1192","23","384"
"1195","23","386"
"1235","23","399"
"1251","23","405"
"1255","23","407"
"1264","23","412"
"1279","23","415"
"1282","23","417"
"1285","23","418"
"1289","23","419"
"1312","23","426"
"1331","23","431"
"1359","23","441"
"1366","23","443"
"1373","23","445"
"1386","23","450"
"1390","23","451"
"1415","23","457"
"1431","23","461"
"1441","23","463"
"1501","23","482"
"1506","23","483"
"1515","23","485"
"1544","23","495"
"1554","23","498"
"1571","23","503"
"1588","23","509"
"1635","23","526"
"1643","23","528"
"1665","23","538"
"1672","23","539"
"1678","23","541"
"1688","23","546"
"1697","23","548"
"1714","23","554"
"1722","23","557"
"1725","23","558"
"1729","23","559"
"1738","23","562"
"1749","23","565"
"1771","23","571"
"1778","23","572"
"1792","23","577"
"1805","23","581"
"1814","23","585"
"1820","23","586"
"1827","23","587"
"1837","23","590"
"1848","23","593"
"1860","23","596"
"1864","23","597"
"1895","23","610"
"1905","23","614"
"1940","23","622"
"1945","23","623"
"1989","23","638"
"2014","23","646"
"2021","23","648"
"2033","23","652"
"2040","23","654"
"2066","23","660"
"2077","23","661"
"2086","23","663"
"2093","23","665"
"2117","23","672"
"2130","23","677"
"2145","23","682"
"2148","23","683"
"2152","23","684"
"2176","23","690"
"2183","23","691"
"2201","23","697"
"2207","23","698"
"2211","23","699"
"2254","23","712"
"2262","23","714"
"2297","23","732"
"2303","23","733"
"2321","23","736"
"2340","23","741"
"2368","23","749"
"2399","23","761"
"2427","23","773"
"2431","23","774"
"2454","23","781"
"2462","23","784"
"2493","23","795"
"2497","23","796"
"2504","23","798"
"2509","23","799"
"2513","23","800"
"2525","23","804"
"2533","23","807"
"2540","23","808"
"2550","23","813"
"2559","23","814"
"2563","23","816"
"2571","23","818"
"2632","23","840"
"2641","23","843"
"2667","23","851"
"2688","23","858"
"2723","23","870"
"2774","23","892"
"2918","23","954"
"2924","23","958"
"2945","23","968"
"3013","23","994"
"3040","23","1004"
"32","24","11"
"44","24","14"
"67","24","22"
"121","24","45"
"130","24","48"
"135","24","50"
"189","24","69"
"197","24","71"
"203","24","72"
"240","24","87"
"266","24","98"
"278","24","104"
"310","24","116"
"324","24","119"
"353","24","127"
"370","24","135"
"382","24","139"
"385","24","140"
"399","24","144"
"455","24","163"
"488","24","174"
"492","24","175"
"549","24","192"
"552","24","193"
"558","24","195"
"590","24","206"
"620","24","213"
"662","24","229"
"670","24","231"
"735","24","249"
"742","24","251"
"761","24","256"
"767","24","258"
"813","24","271"
"849","24","284"
"871","24","290"
"876","24","292"
"911","24","303"
"917","24","304"
"924","24","306"
"940","24","311"
"943","24","312"
"990","24","325"
"1002","24","327"
"1015","24","330"
"1032","24","335"
"1061","24","343"
"1085","24","350"
"1092","24","352"
"1095","24","353"
"1098","24","354"
"1139","24","367"
"1153","24","371"
"1170","24","379"
"1178","24","380"
"1210","24","389"
"1215","24","391"
"1221","24","393"
"1228","24","396"
"1231","24","397"
"1239","24","400"
"1244","24","402"
"1321","24","428"
"1328","24","430"
"1339","24","435"
"1342","24","436"
"1383","24","449"
"1410","24","456"
"1416","24","457"
"1420","24","458"
"1432","24","461"
"1436","24","462"
"1442","24","463"
"1459","24","468"
"1462","24","469"
"1485","24","478"
"1513","24","484"
"1524","24","488"
"1586","24","508"
"1594","24","511"
"1644","24","528"
"1733","24","560"
"1750","24","565"
"1760","24","568"
"1772","24","571"
"1779","24","572"
"1803","24","580"
"1857","24","596"
"1931","24","621"
"1982","24","635"
"1993","24","639"
"2018","24","647"
"2044","24","655"
"2047","24","656"
"2064","24","660"
"2074","24","661"
"2111","24","670"
"2114","24","671"
"2124","24","674"
"2137","24","679"
"2197","24","696"
"2215","24","700"
"2242","24","709"
"2251","24","711"
"2393","24","758"
"2400","24","761"
"2409","24","764"
"2418","24","770"
"2452","24","781"
"2505","24","798"
"2589","24","824"
"2614","24","835"
"2620","24","837"
"2623","24","838"
"2645","24","844"
"2648","24","845"
"2665","24","851"
"2679","24","854"
"2712","24","866"
"2743","24","878"
"2789","24","900"
"2793","24","902"
"2825","24","918"
"2833","24","921"
"2916","24","954"
"2971","24","975"
"2994","24","984"
"3023","24","996"
"3034","24","1001"
"3064","24","1014"
"3071","24","1017"
"3099","24","1030"
"18","25","6"
"22","25","7"
"29","25","10"
"36","25","12"
"47","25","14"
"89","25","30"
"97","25","34"
"106","25","37"
"110","25","40"
"127","25","47"
"138","25","51"
"149","25","56"
"175","25","65"
"180","25","66"
"214","25","75"
"244","25","90"
"253","25","93"
"281","25","105"
"299","25","112"
"305","25","114"
"325","25","119"
"417","25","151"
"427","25","153"
"466","25","167"
"485","25","173"
"499","25","176"
"516","25","182"
"532","25","187"
"572","25","200"
"591","25","206"
"596","25","207"
"617","25","212"
"630","25","216"
"634","25","217"
"637","25","219"
"663","25","229"
"676","25","233"
"688","25","236"
"710","25","243"
"736","25","249"
"764","25","257"
"786","25","265"
"794","25","267"
"817","25","272"
"3107","25","278"
"853","25","285"
"918","25","304"
"933","25","309"
"950","25","314"
"967","25","318"
"977","25","321"
"1003","25","327"
"1016","25","330"
"1023","25","332"
"1041","25","337"
"1046","25","339"
"1055","25","341"
"1065","25","346"
"1069","25","347"
"1075","25","348"
"1079","25","349"
"1086","25","350"
"1107","25","357"
"1118","25","360"
"1122","25","361"
"1150","25","370"
"1162","25","374"
"1179","25","380"
"1186","25","382"
"1190","25","383"
"1193","25","384"
"1196","25","386"
"1236","25","399"
"1252","25","405"
"1256","25","407"
"1265","25","412"
"1280","25","415"
"1283","25","417"
"1286","25","418"
"1290","25","419"
"1314","25","426"
"1332","25","431"
"1360","25","441"
"1367","25","443"
"1374","25","445"
"1387","25","450"
"1391","25","451"
"1417","25","457"
"1433","25","461"
"1443","25","463"
"1502","25","482"
"1507","25","483"
"1516","25","485"
"1545","25","495"
"1555","25","498"
"1572","25","503"
"1589","25","509"
"1636","25","526"
"1645","25","528"
"1666","25","538"
"1673","25","539"
"1679","25","541"
"1689","25","546"
"1698","25","548"
"1715","25","554"
"1723","25","557"
"1727","25","558"
"1730","25","559"
"1739","25","562"
"1751","25","565"
"1773","25","571"
"1780","25","572"
"1793","25","577"
"1806","25","581"
"1816","25","585"
"1821","25","586"
"1828","25","587"
"1838","25","590"
"1849","25","593"
"1861","25","596"
"1865","25","597"
"1896","25","610"
"1906","25","614"
"1941","25","622"
"1946","25","623"
"1990","25","638"
"2015","25","646"
"2022","25","648"
"2034","25","652"
"2041","25","654"
"2067","25","660"
"2078","25","661"
"2087","25","663"
"2094","25","665"
"2118","25","672"
"2131","25","677"
"2146","25","682"
"2149","25","683"
"2153","25","684"
"2177","25","690"
"2184","25","691"
"2202","25","697"
"2208","25","698"
"2212","25","699"
"2255","25","712"
"2263","25","714"
"2298","25","732"
"2304","25","733"
"2322","25","736"
"2341","25","741"
"2369","25","749"
"2401","25","761"
"2428","25","773"
"2432","25","774"
"2456","25","781"
"2463","25","784"
"2494","25","795"
"2498","25","796"
"2506","25","798"
"2510","25","799"
"2514","25","800"
"2526","25","804"
"2534","25","807"
"2541","25","808"
"2551","25","813"
"2560","25","814"
"2564","25","816"
"2572","25","818"
"2633","25","840"
"2642","25","843"
"2668","25","851"
"2689","25","858"
"2724","25","870"
"2775","25","892"
"2919","25","954"
"2925","25","958"
"2946","25","968"
"3014","25","994"
"3041","25","1004"
"53","26","17"
"224","26","80"
"256","26","94"
"259","26","95"
"261","26","96"
"318","26","118"
"332","26","122"
"340","26","124"
"434","26","157"
"438","26","158"
"475","26","170"
"513","26","181"
"517","26","182"
"522","26","184"
"575","26","201"
"602","26","209"
"626","26","215"
"640","26","220"
"665","26","230"
"682","26","235"
"700","26","241"
"719","26","246"
"772","26","260"
"826","26","275"
"831","26","276"
"866","26","289"
"883","26","295"
"888","26","296"
"898","26","300"
"921","26","305"
"935","26","310"
"953","26","315"
"958","26","316"
"973","26","320"
"993","26","326"
"1007","26","329"
"1100","26","355"
"1130","26","364"
"1134","26","365"
"1144","26","369"
"1180","26","380"
"1199","26","387"
"1258","26","410"
"1261","26","411"
"1267","26","412"
"1295","26","421"
"1302","26","423"
"1308","26","425"
"1316","26","427"
"1345","26","437"
"1353","26","439"
"1375","26","445"
"1394","26","452"
"1399","26","453"
"1405","26","455"
"1445","26","464"
"1451","26","466"
"1454","26","467"
"1464","26","470"
"1470","26","472"
"1477","26","474"
"1493","26","480"
"1508","26","483"
"1535","26","492"
"1560","26","500"
"1567","26","502"
"1601","26","514"
"1619","26","520"
"1667","26","538"
"1742","26","564"
"1753","26","566"
"1764","26","570"
"1795","26","578"
"1798","26","579"
"1808","26","582"
"1822","26","586"
"1840","26","591"
"1878","26","604"
"1897","26","610"
"1901","26","612"
"1908","26","615"
"1911","26","616"
"1923","26","619"
"1933","26","621"
"1947","26","623"
"1977","26","634"
"1995","26","641"
"1999","26","642"
"2051","26","658"
"2068","26","660"
"2081","26","662"
"2089","26","663"
"2096","26","665"
"2120","26","673"
"2126","26","676"
"2133","26","678"
"2155","26","684"
"2162","26","686"
"2179","26","691"
"2203","26","697"
"2231","26","706"
"2237","26","708"
"2245","26","710"
"2257","26","713"
"2300","26","732"
"2313","26","735"
"2326","26","737"
"2349","26","743"
"2354","26","744"
"2361","26","747"
"2370","26","749"
"2403","26","763"
"2438","26","777"
"2465","26","785"
"2469","26","786"
"2480","26","790"
"2487","26","793"
"2516","26","801"
"2519","26","802"
"2535","26","807"
"2566","26","817"
"2574","26","819"
"2578","26","820"
"2597","26","828"
"2600","26","829"
"2603","26","830"
"2656","26","849"
"2669","26","851"
"2753","26","882"
"2798","26","904"
"2948","26","969"
"2954","26","971"
"2966","26","974"
"2973","26","977"
"3016","26","995"
"3047","26","1007"
"3054","26","1010"
"3059","26","1012"
"3073","26","1018"
"3077","26","1020"
"3083","26","1023"
"3090","26","1026"
"12","27","5"
"54","27","17"
"63","27","21"
"191","27","69"
"199","27","71"
"205","27","72"
"217","27","77"
"225","27","80"
"262","27","96"
"333","27","122"
"336","27","123"
"359","27","130"
"372","27","135"
"396","27","143"
"403","27","146"
"422","27","152"
"435","27","157"
"439","27","158"
"554","27","194"
"561","27","197"
"582","27","204"
"603","27","209"
"666","27","230"
"683","27","235"
"701","27","241"
"720","27","246"
"744","27","251"
"773","27","260"
"797","27","267"
"827","27","275"
"832","27","276"
"867","27","289"
"884","27","295"
"899","27","300"
"907","27","302"
"936","27","310"
"945","27","313"
"954","27","315"
"959","27","316"
"994","27","326"
"1008","27","329"
"1025","27","333"
"1028","27","334"
"1034","27","335"
"1101","27","355"
"1109","27","358"
"1131","27","364"
"1141","27","368"
"1145","27","369"
"1164","27","375"
"1181","27","380"
"1200","27","387"
"1223","27","394"
"1296","27","421"
"1303","27","423"
"1309","27","425"
"1317","27","427"
"1346","27","437"
"1354","27","439"
"1376","27","445"
"1379","27","448"
"1395","27","452"
"1400","27","453"
"1406","27","455"
"1446","27","464"
"1455","27","467"
"1465","27","470"
"1471","27","472"
"1474","27","473"
"1480","27","476"
"1494","27","480"
"1509","27","483"
"1536","27","492"
"1547","27","496"
"1557","27","499"
"1561","27","500"
"1568","27","502"
"1579","27","506"
"1620","27","520"
"1649","27","530"
"1652","27","531"
"1668","27","538"
"1743","27","564"
"1754","27","566"
"1765","27","570"
"1799","27","579"
"1809","27","582"
"1823","27","586"
"1841","27","591"
"1844","27","592"
"1851","27","594"
"1879","27","604"
"1882","27","605"
"1898","27","610"
"1912","27","616"
"1919","27","618"
"1924","27","619"
"1934","27","621"
"1948","27","623"
"1951","27","624"
"1966","27","631"
"1978","27","634"
"1996","27","641"
"2000","27","642"
"2052","27","658"
"2057","27","659"
"2069","27","660"
"2080","27","662"
"2107","27","669"
"2156","27","684"
"2159","27","685"
"2163","27","686"
"2180","27","691"
"2188","27","693"
"2204","27","697"
"2217","27","701"
"2232","27","706"
"2238","27","708"
"2246","27","710"
"2258","27","713"
"2314","27","735"
"2327","27","737"
"2330","27","738"
"2355","27","744"
"2362","27","747"
"2371","27","749"
"2374","27","750"
"2411","27","765"
"2448","27","780"
"2466","27","785"
"2470","27","786"
"2488","27","793"
"2520","27","802"
"2536","27","807"
"2555","27","813"
"2567","27","817"
"2575","27","819"
"2579","27","820"
"2616","27","836"
"2625","27","838"
"2628","27","839"
"2635","27","841"
"2657","27","849"
"2670","27","851"
"2691","27","859"
"2694","27","860"
"2697","27","861"
"2705","27","864"
"2708","27","865"
"2714","27","867"
"2730","27","873"
"2733","27","874"
"2795","27","903"
"2799","27","904"
"2802","27","905"
"2806","27","907"
"2809","27","908"
"2827","27","918"
"2834","27","921"
"2907","27","951"
"2941","27","967"
"2967","27","974"
"2974","27","977"
"2977","27","978"
"2980","27","979"
"3017","27","995"
"3030","27","1000"
"3037","27","1003"
"3048","27","1007"
"3060","27","1012"
"3066","27","1015"
"3074","27","1018"
"3093","27","1027"
"49","28","15"
"55","28","17"
"226","28","80"
"255","28","94"
"258","28","95"
"263","28","96"
"317","28","118"
"334","28","122"
"339","28","124"
"408","28","148"
"436","28","157"
"440","28","158"
"471","28","169"
"474","28","170"
"505","28","179"
"512","28","181"
"521","28","184"
"574","28","201"
"604","28","209"
"622","28","214"
"625","28","215"
"639","28","220"
"667","28","230"
"684","28","235"
"702","28","241"
"721","28","246"
"725","28","247"
"728","28","248"
"774","28","260"
"828","28","275"
"833","28","276"
"868","28","289"
"885","28","295"
"887","28","296"
"900","28","300"
"920","28","305"
"937","28","310"
"955","28","315"
"960","28","316"
"972","28","320"
"995","28","326"
"1009","28","329"
"1102","28","355"
"1126","28","363"
"1132","28","364"
"1135","28","365"
"1146","28","369"
"1182","28","380"
"1201","28","387"
"1259","28","410"
"1262","28","411"
"1268","28","412"
"1297","28","421"
"1304","28","423"
"1310","28","425"
"1318","28","427"
"1347","28","437"
"1355","28","439"
"1377","28","445"
"1396","28","452"
"1401","28","453"
"1407","28","455"
"1447","28","464"
"1452","28","466"
"1456","28","467"
"1466","28","470"
"1472","28","472"
"1478","28","474"
"1495","28","480"
"1510","28","483"
"1537","28","492"
"1562","28","500"
"1569","28","502"
"1602","28","514"
"1621","28","520"
"1631","28","524"
"1669","28","538"
"1707","28","552"
"1744","28","564"
"1755","28","566"
"1766","28","570"
"1782","28","573"
"1796","28","578"
"1800","28","579"
"1810","28","582"
"1824","28","586"
"1842","28","591"
"1880","28","604"
"1899","28","610"
"1902","28","612"
"1909","28","615"
"1913","28","616"
"1925","28","619"
"1935","28","621"
"1979","28","634"
"1997","28","641"
"2001","28","642"
"2053","28","658"
"2070","28","660"
"2082","28","662"
"2090","28","663"
"2097","28","665"
"2101","28","667"
"2104","28","668"
"2121","28","673"
"2127","28","676"
"2134","28","678"
"2157","28","684"
"2164","28","686"
"2181","28","691"
"2205","28","697"
"2220","28","702"
"2233","28","706"
"2239","28","708"
"2247","28","710"
"2259","28","713"
"2301","28","732"
"2315","28","735"
"2328","28","737"
"2350","28","743"
"2356","28","744"
"2363","28","747"
"2372","28","749"
"2377","28","752"
"2404","28","763"
"2435","28","776"
"2439","28","777"
"2467","28","785"
"2471","28","786"
"2481","28","790"
"2489","28","793"
"2517","28","801"
"2521","28","802"
"2537","28","807"
"2568","28","817"
"2576","28","819"
"2580","28","820"
"2592","28","826"
"2598","28","828"
"2601","28","829"
"2604","28","830"
"2658","28","849"
"2671","28","851"
"2717","28","868"
"2754","28","882"
"2782","28","897"
"2800","28","904"
"2949","28","969"
"2955","28","971"
"2968","28","974"
"2975","28","977"
"3018","28","995"
"3049","28","1007"
"3055","28","1010"
"3061","28","1012"
"3075","28","1018"
"3078","28","1020"
"3084","28","1023"
"3091","28","1026"
"13","29","5"
"64","29","21"
"192","29","69"
"200","29","71"
"206","29","72"
"218","29","77"
"337","29","123"
"360","29","130"
"373","29","135"
"395","29","143"
"404","29","146"
"423","29","152"
"555","29","194"
"562","29","197"
"583","29","204"
"685","29","235"
"723","29","246"
"745","29","251"
"798","29","267"
"829","29","275"
"902","29","300"
"908","29","302"
"946","29","313"
"956","29","315"
"996","29","326"
"1026","29","333"
"1029","29","334"
"1035","29","335"
"1110","29","358"
"1142","29","368"
"1165","29","375"
"1183","29","380"
"1202","29","387"
"1224","29","394"
"1305","29","423"
"1348","29","437"
"1380","29","448"
"1397","29","452"
"1475","29","473"
"1481","29","476"
"1496","29","480"
"1548","29","496"
"1558","29","499"
"1580","29","506"
"1650","29","530"
"1653","29","531"
"1845","29","592"
"1852","29","594"
"1883","29","605"
"1920","29","618"
"1926","29","619"
"1937","29","621"
"1949","29","623"
"1952","29","624"
"1967","29","631"
"2055","29","658"
"2058","29","659"
"2071","29","660"
"2084","29","662"
"2108","29","669"
"2160","29","685"
"2189","29","693"
"2218","29","701"
"2248","29","710"
"2317","29","735"
"2331","29","738"
"2375","29","750"
"2412","29","765"
"2449","29","780"
"2556","29","813"
"2617","29","836"
"2626","29","838"
"2629","29","839"
"2636","29","841"
"2692","29","859"
"2695","29","860"
"2698","29","861"
"2706","29","864"
"2709","29","865"
"2715","29","867"
"2731","29","873"
"2734","29","874"
"2796","29","903"
"2803","29","905"
"2807","29","907"
"2810","29","908"
"2828","29","918"
"2835","29","921"
"2908","29","951"
"2942","29","967"
"2978","29","978"
"2981","29","979"
"3020","29","995"
"3031","29","1000"
"3038","29","1003"
"3050","29","1007"
"3067","29","1015"
"3094","29","1027"
"5","30","1"
"94","30","33"
"184","30","67"
"210","30","74"
"237","30","86"
"379","30","138"
"387","30","141"
"401","30","145"
"406","30","147"
"430","30","155"
"536","30","189"
"585","30","205"
"807","30","270"
"855","30","286"
"859","30","287"
"873","30","291"
"985","30","324"
"1114","30","359"
"1167","30","378"
"1206","30","388"
"1426","30","460"
"1468","30","471"
"1703","30","550"
"1719","30","556"
"1790","30","576"
"1870","30","600"
"1959","30","627"
"1975","30","633"
"1984","30","636"
"2003","30","643"
"2170","30","687"
"2229","30","705"
"2311","30","734"
"2359","30","745"
"2474","30","788"
"2683","30","856"
"2703","30","863"
"2739","30","876"
"2763","30","888"
"2874","30","939"
"3057","30","1011"
"3","31","1"
"57","31","18"
"70","31","24"
"73","31","25"
"84","31","29"
"100","31","35"
"112","31","41"
"114","31","42"
"117","31","44"
"132","31","49"
"142","31","53"
"144","31","54"
"146","31","55"
"151","31","57"
"158","31","59"
"163","31","61"
"165","31","62"
"234","31","85"
"275","31","103"
"291","31","110"
"294","31","111"
"327","31","120"
"348","31","126"
"377","31","138"
"389","31","142"
"413","31","150"
"446","31","160"
"481","31","172"
"528","31","186"
"537","31","189"
"611","31","211"
"644","31","222"
"653","31","227"
"697","31","240"
"777","31","262"
"779","31","263"
"803","31","269"
"805","31","270"
"809","31","270"
"3103","31","277"
"841","31","281"
"857","31","287"
"890","31","297"
"893","31","298"
"895","31","299"
"926","31","307"
"928","31","308"
"979","31","322"
"982","31","323"
"986","31","324"
"1005","31","328"
"1018","31","331"
"1037","31","336"
"1043","31","338"
"3109","31","344"
"1104","31","356"
"1112","31","359"
"1204","31","388"
"1241","31","401"
"1246","31","403"
"1292","31","420"
"1299","31","422"
"1362","31","442"
"1369","31","444"
"1403","31","454"
"1424","31","460"
"1449","31","465"
"1518","31","486"
"1539","31","493"
"1541","31","494"
"1550","31","497"
"1577","31","505"
"1582","31","507"
"1591","31","510"
"1596","31","512"
"1599","31","513"
"1617","31","519"
"1629","31","523"
"1638","31","527"
"1647","31","529"
"1655","31","534"
"1675","31","540"
"1681","31","542"
"1684","31","544"
"1717","31","555"
"1735","31","561"
"1757","31","567"
"1762","31","569"
"1785","31","574"
"1812","31","584"
"1830","31","588"
"1833","31","589"
"1873","31","603"
"1885","31","606"
"1888","31","608"
"1915","31","617"
"1928","31","620"
"1961","31","628"
"1964","31","630"
"1969","31","632"
"1971","31","633"
"2005","31","644"
"2011","31","645"
"2024","31","649"
"2029","31","651"
"2036","31","653"
"2099","31","666"
"2139","31","680"
"2141","31","681"
"2166","31","687"
"2173","31","689"
"2186","31","692"
"2191","31","694"
"2194","31","695"
"2223","31","703"
"2235","31","707"
"2265","31","715"
"2267","31","716"
"2278","31","725"
"2284","31","726"
"2306","31","734"
"2333","31","739"
"2414","31","766"
"2475","31","788"
"2523","31","803"
"2544","31","810"
"2595","31","827"
"2608","31","834"
"2653","31","848"
"2660","31","850"
"2673","31","852"
"2675","31","853"
"2686","31","857"
"2720","31","869"
"2726","31","871"
"2728","31","872"
"2736","31","875"
"2745","31","879"
"2757","31","885"
"2760","31","886"
"2765","31","888"
"2770","31","891"
"2779","31","894"
"2816","31","913"
"2837","31","922"
"2840","31","923"
"2852","31","928"
"2866","31","936"
"2869","31","937"
"2875","31","939"
"2880","31","941"
"2894","31","946"
"2904","31","950"
"2911","31","953"
"2927","31","959"
"2936","31","965"
"2959","31","972"
"2963","31","973"
"2985","31","981"
"2996","31","985"
"2999","31","987"
"3001","31","988"
"3052","31","1008"
"59","32","18"
"71","32","24"
"81","32","28"
"85","32","29"
"99","32","35"
"118","32","44"
"159","32","59"
"166","32","62"
"235","32","85"
"292","32","110"
"295","32","111"
"328","32","120"
"349","32","126"
"414","32","150"
"610","32","211"
"698","32","240"
"842","32","281"
"891","32","297"
"896","32","299"
"929","32","308"
"980","32","322"
"983","32","323"
"1019","32","331"
"1038","32","336"
"1293","32","420"
"1363","32","442"
"1425","32","460"
"1551","32","497"
"1583","32","507"
"1597","32","512"
"1656","32","534"
"1786","32","574"
"1831","32","588"
"1834","32","589"
"1874","32","603"
"1917","32","617"
"1962","32","628"
"1972","32","633"
"2006","32","644"
"2008","32","645"
"2025","32","649"
"2030","32","651"
"2037","32","653"
"2142","32","681"
"2167","32","687"
"2192","32","694"
"2224","32","703"
"2268","32","716"
"2279","32","725"
"2285","32","726"
"2286","32","726"
"2308","32","734"
"2334","32","739"
"2609","32","834"
"2654","32","848"
"2676","32","853"
"2700","32","862"
"2721","32","869"
"2737","32","875"
"2746","32","879"
"2758","32","885"
"2771","32","891"
"2838","32","922"
"2853","32","928"
"2867","32","936"
"2871","32","937"
"2882","32","941"
"2895","32","946"
"2905","32","950"
"2912","32","953"
"2928","32","959"
"2937","32","965"
"2960","32","972"
"2964","32","973"
"2986","32","981"
"4","33","1"
"58","33","18"
"76","33","26"
"82","33","28"
"86","33","29"
"91","33","31"
"102","33","36"
"107","33","37"
"140","33","52"
"156","33","58"
"167","33","62"
"172","33","64"
"177","33","65"
"182","33","66"
"186","33","68"
"194","33","70"
"228","33","81"
"230","33","83"
"232","33","84"
"246","33","91"
"272","33","101"
"287","33","108"
"289","33","109"
"307","33","115"
"315","33","117"
"345","33","125"
"350","33","126"
"409","33","148"
"469","33","168"
"472","33","169"
"479","33","171"
"506","33","179"
"510","33","180"
"524","33","184"
"526","33","185"
"538","33","189"
"613","33","211"
"623","33","214"
"726","33","247"
"729","33","248"
"748","33","252"
"758","33","255"
"810","33","270"
"861","33","287"
"987","33","324"
"1051","33","340"
"1127","33","363"
"1207","33","388"
"1632","33","524"
"1708","33","552"
"1783","33","573"
"1876","33","603"
"1986","33","637"
"2009","33","645"
"2049","33","657"
"2102","33","667"
"2105","33","668"
"2221","33","702"
"2276","33","724"
"2282","33","725"
"2289","33","727"
"2309","33","734"
"2336","33","739"
"2338","33","740"
"2343","33","741"
"2347","33","742"
"2352","33","743"
"2378","33","752"
"2381","33","754"
"2406","33","763"
"2436","33","776"
"2441","33","777"
"2443","33","778"
"2446","33","779"
"2458","33","782"
"2476","33","788"
"2478","33","789"
"2583","33","822"
"2593","33","826"
"2606","33","833"
"2611","33","834"
"2651","33","847"
"2701","33","862"
"2718","33","868"
"2747","33","879"
"2749","33","880"
"2751","33","881"
"2766","33","888"
"2772","33","891"
"2783","33","897"
"2814","33","911"
"2818","33","914"
"2820","33","915"
"2842","33","924"
"2846","33","926"
"2850","33","927"
"2857","33","931"
"2860","33","933"
"2863","33","934"
"2872","33","937"
"2876","33","939"
"2881","33","941"
"2884","33","942"
"2886","33","943"
"2890","33","945"
"2896","33","946"
"2898","33","947"
"2900","33","948"
"2902","33","949"
"2930","33","960"
"2934","33","964"
"2939","33","966"
"2961","33","972"
"2983","33","980"
"2987","33","981"
"2989","33","982"
"2991","33","983"
"3003","33","990"
"3007","33","992"
"3025","33","997"
"3028","33","998"
"3088","33","1025"
